[{"country_id": 1,"country_name": "Afghanistan","iso": "AF","iso3": "AFG","language_id": 1,"language_code": "EN"}, {"country_id": 2,"country_name": "Albania","iso": "AL","iso3": "ALB","language_id": 1,"language_code": "EN"}, {"country_id": 3,"country_name": "Algeria","iso": "DZ","iso3": "DZA","language_id": 1,"language_code": "EN"}, {"country_id": 4,"country_name": "American Samoa","iso": "AS","iso3": "ASM","language_id": 1,"language_code": "EN"}, {"country_id": 5,"country_name": "Andorra","iso": "AD","iso3": "AND","language_id": 1,"language_code": "EN"}, {"country_id": 6,"country_name": "Angola","iso": "AO","iso3": "AGO","language_id": 1,"language_code": "EN"}, {"country_id": 7,"country_name": "Anguilla","iso": "AI","iso3": "AIA","language_id": 1,"language_code": "EN"}, {"country_id": 8,"country_name": "Antarctica","iso": "AQ","iso3": "ATA","language_id": 1,"language_code": "EN"}, {"country_id": 9,"country_name": "Antigua and Barbuda","iso": "AG","iso3": "ATG","language_id": 1,"language_code": "EN"}, {"country_id": 10,"country_name": "Argentina","iso": "AR","iso3": "ARG","language_id": 1,"language_code": "EN"}, {"country_id": 11,"country_name": "Armenia","iso": "AM","iso3": "ARM","language_id": 1,"language_code": "EN"}, {"country_id": 12,"country_name": "Aruba","iso": "AW","iso3": "ABW","language_id": 1,"language_code": "EN"}, {"country_id": 13,"country_name": "Australia","iso": "AU","iso3": "AUS","language_id": 1,"language_code": "EN"}, {"country_id": 14,"country_name": "Austria","iso": "AT","iso3": "AUT","language_id": 1,"language_code": "EN"}, {"country_id": 15,"country_name": "Azerbaijan","iso": "AZ","iso3": "AZE","language_id": 1,"language_code": "EN"}, {"country_id": 16,"country_name": "Bahamas","iso": "BS","iso3": "BHS","language_id": 1,"language_code": "EN"}, {"country_id": 17,"country_name": "Bahrain","iso": "BH","iso3": "BHR","language_id": 1,"language_code": "EN"}, {"country_id": 18,"country_name": "Bangladesh","iso": "BD","iso3": "BGD","language_id": 1,"language_code": "EN"}, {"country_id": 19,"country_name": "Barbados","iso": "BB","iso3": "BRB","language_id": 1,"language_code": "EN"}, {"country_id": 20,"country_name": "Belarus","iso": "BY","iso3": "BLR","language_id": 1,"language_code": "EN"}, {"country_id": 21,"country_name": "Belgium","iso": "BE","iso3": "BEL","language_id": 1,"language_code": "EN"}, {"country_id": 22,"country_name": "Belize","iso": "BZ","iso3": "BLZ","language_id": 1,"language_code": "EN"}, {"country_id": 23,"country_name": "Benin","iso": "BJ","iso3": "BEN","language_id": 1,"language_code": "EN"}, {"country_id": 24,"country_name": "Bermuda","iso": "BM","iso3": "BMU","language_id": 1,"language_code": "EN"}, {"country_id": 25,"country_name": "Bhutan","iso": "BT","iso3": "BTN","language_id": 1,"language_code": "EN"}, {"country_id": 26,"country_name": "Bolivia","iso": "BO","iso3": "BOL","language_id": 1,"language_code": "EN"}, {"country_id": 27,"country_name": "Bosnia and Herzegovina","iso": "BA","iso3": "BIH","language_id": 1,"language_code": "EN"}, {"country_id": 28,"country_name": "Botswana","iso": "BW","iso3": "BWA","language_id": 1,"language_code": "EN"}, {"country_id": 29,"country_name": "Bouvet Island","iso": "BV","iso3": "BVT","language_id": 1,"language_code": "EN"}, {"country_id": 30,"country_name": "Brazil","iso": "BR","iso3": "BRA","language_id": 1,"language_code": "EN"}, {"country_id": 31,"country_name": "British Indian Ocean Territory","iso": "IO","iso3": "IOT","language_id": 1,"language_code": "EN"}, {"country_id": 32,"country_name": "Brunei Darussalam","iso": "BN","iso3": "BRN","language_id": 1,"language_code": "EN"}, {"country_id": 33,"country_name": "Bulgaria","iso": "BG","iso3": "BGR","language_id": 1,"language_code": "EN"}, {"country_id": 34,"country_name": "Burkina Faso","iso": "BF","iso3": "BFA","language_id": 1,"language_code": "EN"}, {"country_id": 35,"country_name": "Burundi","iso": "BI","iso3": "BDI","language_id": 1,"language_code": "EN"}, {"country_id": 36,"country_name": "Cambodia","iso": "KH","iso3": "KHM","language_id": 1,"language_code": "EN"}, {"country_id": 37,"country_name": "Cameroon","iso": "CM","iso3": "CMR","language_id": 1,"language_code": "EN"}, {"country_id": 38,"country_name": "Canada","iso": "CA","iso3": "CAN","language_id": 1,"language_code": "EN"}, {"country_id": 39,"country_name": "Cape Verde","iso": "CV","iso3": "CPV","language_id": 1,"language_code": "EN"}, {"country_id": 40,"country_name": "Cayman Islands","iso": "KY","iso3": "CYM","language_id": 1,"language_code": "EN"}, {"country_id": 41,"country_name": "Central African Republic","iso": "CF","iso3": "CAF","language_id": 1,"language_code": "EN"}, {"country_id": 42,"country_name": "Chad","iso": "TD","iso3": "TCD","language_id": 1,"language_code": "EN"}, {"country_id": 43,"country_name": "Chile","iso": "CL","iso3": "CHL","language_id": 1,"language_code": "EN"}, {"country_id": 44,"country_name": "China","iso": "CN","iso3": "CHN","language_id": 1,"language_code": "EN"}, {"country_id": 45,"country_name": "Christmas Island","iso": "CX","iso3": "CXR","language_id": 1,"language_code": "EN"}, {"country_id": 46,"country_name": "Cocos (Keeling) Islands","iso": "CC","iso3": "CCK","language_id": 1,"language_code": "EN"}, {"country_id": 47,"country_name": "Colombia","iso": "CO","iso3": "COL","language_id": 1,"language_code": "EN"}, {"country_id": 48,"country_name": "Comoros","iso": "KM","iso3": "COM","language_id": 1,"language_code": "EN"}, {"country_id": 49,"country_name": "Congo","iso": "CG","iso3": "COG","language_id": 1,"language_code": "EN"}, {"country_id": 50,"country_name": "Cook Islands","iso": "CK","iso3": "COK","language_id": 1,"language_code": "EN"}, {"country_id": 51,"country_name": "Costa Rica","iso": "CR","iso3": "CRI","language_id": 1,"language_code": "EN"}, {"country_id": 52,"country_name": "Cote D\'Ivoire","iso": "CI","iso3": "CIV","language_id": 1,"language_code": "EN"}, {"country_id": 53,"country_name": "Croatia","iso": "HR","iso3": "HRV","language_id": 1,"language_code": "EN"}, {"country_id": 54,"country_name": "Cuba","iso": "CU","iso3": "CUB","language_id": 1,"language_code": "EN"}, {"country_id": 55,"country_name": "Cyprus","iso": "CY","iso3": "CYP","language_id": 1,"language_code": "EN"}, {"country_id": 56,"country_name": "Czech Republic","iso": "CZ","iso3": "CZE","language_id": 1,"language_code": "EN"}, {"country_id": 57,"country_name": "Denmark","iso": "DK","iso3": "DNK","language_id": 1,"language_code": "EN"}, {"country_id": 58,"country_name": "Djibouti","iso": "DJ","iso3": "DJI","language_id": 1,"language_code": "EN"}, {"country_id": 59,"country_name": "Dominica","iso": "DM","iso3": "DMA","language_id": 1,"language_code": "EN"}, {"country_id": 60,"country_name": "Dominican Republic","iso": "DO","iso3": "DOM","language_id": 1,"language_code": "EN"}, {"country_id": 61,"country_name": "East Timor","iso": "TL","iso3": "TLS","language_id": 1,"language_code": "EN"}, {"country_id": 62,"country_name": "Ecuador","iso": "EC","iso3": "ECU","language_id": 1,"language_code": "EN"}, {"country_id": 63,"country_name": "Egypt","iso": "EG","iso3": "EGY","language_id": 1,"language_code": "EN"}, {"country_id": 64,"country_name": "El Salvador","iso": "SV","iso3": "SLV","language_id": 1,"language_code": "EN"}, {"country_id": 65,"country_name": "Equatorial Guinea","iso": "GQ","iso3": "GNQ","language_id": 1,"language_code": "EN"}, {"country_id": 66,"country_name": "Eritrea","iso": "ER","iso3": "ERI","language_id": 1,"language_code": "EN"}, {"country_id": 67,"country_name": "Estonia","iso": "EE","iso3": "EST","language_id": 1,"language_code": "EN"}, {"country_id": 68,"country_name": "Ethiopia","iso": "ET","iso3": "ETH","language_id": 1,"language_code": "EN"}, {"country_id": 69,"country_name": "Falkland Islands (Malvinas)","iso": "FK","iso3": "FLK","language_id": 1,"language_code": "EN"}, {"country_id": 70,"country_name": "Faroe Islands","iso": "FO","iso3": "FRO","language_id": 1,"language_code": "EN"}, {"country_id": 71,"country_name": "Fiji","iso": "FJ","iso3": "FJI","language_id": 1,"language_code": "EN"}, {"country_id": 72,"country_name": "Finland","iso": "FI","iso3": "FIN","language_id": 1,"language_code": "EN"}, {"country_id": 74,"country_name": "France, Metropolitan","iso": "FR","iso3": "FRA","language_id": 1,"language_code": "EN"}, {"country_id": 75,"country_name": "French Guiana","iso": "GF","iso3": "GUF","language_id": 1,"language_code": "EN"}, {"country_id": 76,"country_name": "French Polynesia","iso": "PF","iso3": "PYF","language_id": 1,"language_code": "EN"}, {"country_id": 77,"country_name": "French Southern Territories","iso": "TF","iso3": "ATF","language_id": 1,"language_code": "EN"}, {"country_id": 78,"country_name": "Gabon","iso": "GA","iso3": "GAB","language_id": 1,"language_code": "EN"}, {"country_id": 79,"country_name": "Gambia","iso": "GM","iso3": "GMB","language_id": 1,"language_code": "EN"}, {"country_id": 80,"country_name": "Georgia","iso": "GE","iso3": "GEO","language_id": 1,"language_code": "EN"}, {"country_id": 81,"country_name": "Germany","iso": "DE","iso3": "DEU","language_id": 1,"language_code": "EN"}, {"country_id": 82,"country_name": "Ghana","iso": "GH","iso3": "GHA","language_id": 1,"language_code": "EN"}, {"country_id": 83,"country_name": "Gibraltar","iso": "GI","iso3": "GIB","language_id": 1,"language_code": "EN"}, {"country_id": 84,"country_name": "Greece","iso": "GR","iso3": "GRC","language_id": 1,"language_code": "EN"}, {"country_id": 85,"country_name": "Greenland","iso": "GL","iso3": "GRL","language_id": 1,"language_code": "EN"}, {"country_id": 86,"country_name": "Grenada","iso": "GD","iso3": "GRD","language_id": 1,"language_code": "EN"}, {"country_id": 87,"country_name": "Guadeloupe","iso": "GP","iso3": "GLP","language_id": 1,"language_code": "EN"}, {"country_id": 88,"country_name": "Guam","iso": "GU","iso3": "GUM","language_id": 1,"language_code": "EN"}, {"country_id": 89,"country_name": "Guatemala","iso": "GT","iso3": "GTM","language_id": 1,"language_code": "EN"}, {"country_id": 90,"country_name": "Guinea","iso": "GN","iso3": "GIN","language_id": 1,"language_code": "EN"}, {"country_id": 91,"country_name": "Guinea-Bissau","iso": "GW","iso3": "GNB","language_id": 1,"language_code": "EN"}, {"country_id": 92,"country_name": "Guyana","iso": "GY","iso3": "GUY","language_id": 1,"language_code": "EN"}, {"country_id": 93,"country_name": "Haiti","iso": "HT","iso3": "HTI","language_id": 1,"language_code": "EN"}, {"country_id": 94,"country_name": "Heard and Mc Donald Islands","iso": "HM","iso3": "HMD","language_id": 1,"language_code": "EN"}, {"country_id": 95,"country_name": "Honduras","iso": "HN","iso3": "HND","language_id": 1,"language_code": "EN"}, {"country_id": 96,"country_name": "Hong Kong","iso": "HK","iso3": "HKG","language_id": 1,"language_code": "EN"}, {"country_id": 97,"country_name": "Hungary","iso": "HU","iso3": "HUN","language_id": 1,"language_code": "EN"}, {"country_id": 98,"country_name": "Iceland","iso": "IS","iso3": "ISL","language_id": 1,"language_code": "EN"}, {"country_id": 99,"country_name": "India","iso": "IN","iso3": "IND","language_id": 1,"language_code": "EN"}, {"country_id": 100,"country_name": "Indonesia","iso": "ID","iso3": "IDN","language_id": 1,"language_code": "EN"}, {"country_id": 101,"country_name": "Iran (Islamic Republic of)","iso": "IR","iso3": "IRN","language_id": 1,"language_code": "EN"}, {"country_id": 102,"country_name": "Iraq","iso": "IQ","iso3": "IRQ","language_id": 1,"language_code": "EN"}, {"country_id": 103,"country_name": "Ireland","iso": "IE","iso3": "IRL","language_id": 1,"language_code": "EN"}, {"country_id": 104,"country_name": "Israel","iso": "IL","iso3": "ISR","language_id": 1,"language_code": "EN"}, {"country_id": 105,"country_name": "Italy","iso": "IT","iso3": "ITA","language_id": 1,"language_code": "EN"}, {"country_id": 106,"country_name": "Jamaica","iso": "JM","iso3": "JAM","language_id": 1,"language_code": "EN"}, {"country_id": 107,"country_name": "Japan","iso": "JP","iso3": "JPN","language_id": 1,"language_code": "EN"}, {"country_id": 108,"country_name": "Jordan","iso": "JO","iso3": "JOR","language_id": 1,"language_code": "EN"}, {"country_id": 109,"country_name": "Kazakhstan","iso": "KZ","iso3": "KAZ","language_id": 1,"language_code": "EN"}, {"country_id": 110,"country_name": "Kenya","iso": "KE","iso3": "KEN","language_id": 1,"language_code": "EN"}, {"country_id": 111,"country_name": "Kiribati","iso": "KI","iso3": "KIR","language_id": 1,"language_code": "EN"}, {"country_id": 112,"country_name": "North Korea","iso": "KP","iso3": "PRK","language_id": 1,"language_code": "EN"}, {"country_id": 113,"country_name": "Korea, Republic of","iso": "KR","iso3": "KOR","language_id": 1,"language_code": "EN"}, {"country_id": 114,"country_name": "Kuwait","iso": "KW","iso3": "KWT","language_id": 1,"language_code": "EN"}, {"country_id": 115,"country_name": "Kyrgyzstan","iso": "KG","iso3": "KGZ","language_id": 1,"language_code": "EN"}, {"country_id": 116,"country_name": "Lao People\'s Democratic Republic","iso": "LA","iso3": "LAO","language_id": 1,"language_code": "EN"}, {"country_id": 117,"country_name": "Latvia","iso": "LV","iso3": "LVA","language_id": 1,"language_code": "EN"}, {"country_id": 118,"country_name": "Lebanon","iso": "LB","iso3": "LBN","language_id": 1,"language_code": "EN"}, {"country_id": 119,"country_name": "Lesotho","iso": "LS","iso3": "LSO","language_id": 1,"language_code": "EN"}, {"country_id": 120,"country_name": "Liberia","iso": "LR","iso3": "LBR","language_id": 1,"language_code": "EN"}, {"country_id": 121,"country_name": "Libyan Arab Jamahiriya","iso": "LY","iso3": "LBY","language_id": 1,"language_code": "EN"}, {"country_id": 122,"country_name": "Liechtenstein","iso": "LI","iso3": "LIE","language_id": 1,"language_code": "EN"}, {"country_id": 123,"country_name": "Lithuania","iso": "LT","iso3": "LTU","language_id": 1,"language_code": "EN"}, {"country_id": 124,"country_name": "Luxembourg","iso": "LU","iso3": "LUX","language_id": 1,"language_code": "EN"}, {"country_id": 125,"country_name": "Macau","iso": "MO","iso3": "MAC","language_id": 1,"language_code": "EN"}, {"country_id": 126,"country_name": "FYROM","iso": "MK","iso3": "MKD","language_id": 1,"language_code": "EN"}, {"country_id": 127,"country_name": "Madagascar","iso": "MG","iso3": "MDG","language_id": 1,"language_code": "EN"}, {"country_id": 128,"country_name": "Malawi","iso": "MW","iso3": "MWI","language_id": 1,"language_code": "EN"}, {"country_id": 129,"country_name": "Malaysia","iso": "MY","iso3": "MYS","language_id": 1,"language_code": "EN"}, {"country_id": 130,"country_name": "Maldives","iso": "MV","iso3": "MDV","language_id": 1,"language_code": "EN"}, {"country_id": 131,"country_name": "Mali","iso": "ML","iso3": "MLI","language_id": 1,"language_code": "EN"}, {"country_id": 132,"country_name": "Malta","iso": "MT","iso3": "MLT","language_id": 1,"language_code": "EN"}, {"country_id": 133,"country_name": "Marshall Islands","iso": "MH","iso3": "MHL","language_id": 1,"language_code": "EN"}, {"country_id": 134,"country_name": "Martinique","iso": "MQ","iso3": "MTQ","language_id": 1,"language_code": "EN"}, {"country_id": 135,"country_name": "Mauritania","iso": "MR","iso3": "MRT","language_id": 1,"language_code": "EN"}, {"country_id": 136,"country_name": "Mauritius","iso": "MU","iso3": "MUS","language_id": 1,"language_code": "EN"}, {"country_id": 137,"country_name": "Mayotte","iso": "YT","iso3": "MYT","language_id": 1,"language_code": "EN"}, {"country_id": 138,"country_name": "Mexico","iso": "MX","iso3": "MEX","language_id": 1,"language_code": "EN"}, {"country_id": 139,"country_name": "Micronesia, Federated States of","iso": "FM","iso3": "FSM","language_id": 1,"language_code": "EN"}, {"country_id": 140,"country_name": "Moldova, Republic of","iso": "MD","iso3": "MDA","language_id": 1,"language_code": "EN"}, {"country_id": 141,"country_name": "Monaco","iso": "MC","iso3": "MCO","language_id": 1,"language_code": "EN"}, {"country_id": 142,"country_name": "Mongolia","iso": "MN","iso3": "MNG","language_id": 1,"language_code": "EN"}, {"country_id": 143,"country_name": "Montserrat","iso": "MS","iso3": "MSR","language_id": 1,"language_code": "EN"}, {"country_id": 144,"country_name": "Morocco","iso": "MA","iso3": "MAR","language_id": 1,"language_code": "EN"}, {"country_id": 145,"country_name": "Mozambique","iso": "MZ","iso3": "MOZ","language_id": 1,"language_code": "EN"}, {"country_id": 146,"country_name": "Myanmar","iso": "MM","iso3": "MMR","language_id": 1,"language_code": "EN"}, {"country_id": 147,"country_name": "Namibia","iso": "NA","iso3": "NAM","language_id": 1,"language_code": "EN"}, {"country_id": 148,"country_name": "Nauru","iso": "NR","iso3": "NRU","language_id": 1,"language_code": "EN"}, {"country_id": 149,"country_name": "Nepal","iso": "NP","iso3": "NPL","language_id": 1,"language_code": "EN"}, {"country_id": 150,"country_name": "Netherlands","iso": "NL","iso3": "NLD","language_id": 1,"language_code": "EN"}, {"country_id": 151,"country_name": "Netherlands Antilles","iso": "AN","iso3": "ANT","language_id": 1,"language_code": "EN"}, {"country_id": 152,"country_name": "New Caledonia","iso": "NC","iso3": "NCL","language_id": 1,"language_code": "EN"}, {"country_id": 153,"country_name": "New Zealand","iso": "NZ","iso3": "NZL","language_id": 1,"language_code": "EN"}, {"country_id": 154,"country_name": "Nicaragua","iso": "NI","iso3": "NIC","language_id": 1,"language_code": "EN"}, {"country_id": 155,"country_name": "Niger","iso": "NE","iso3": "NER","language_id": 1,"language_code": "EN"}, {"country_id": 156,"country_name": "Nigeria","iso": "NG","iso3": "NGA","language_id": 1,"language_code": "EN"}, {"country_id": 157,"country_name": "Niue","iso": "NU","iso3": "NIU","language_id": 1,"language_code": "EN"}, {"country_id": 158,"country_name": "Norfolk Island","iso": "NF","iso3": "NFK","language_id": 1,"language_code": "EN"}, {"country_id": 159,"country_name": "Northern Mariana Islands","iso": "MP","iso3": "MNP","language_id": 1,"language_code": "EN"}, {"country_id": 160,"country_name": "Norway","iso": "NO","iso3": "NOR","language_id": 1,"language_code": "EN"}, {"country_id": 161,"country_name": "Oman","iso": "OM","iso3": "OMN","language_id": 1,"language_code": "EN"}, {"country_id": 162,"country_name": "Pakistan","iso": "PK","iso3": "PAK","language_id": 1,"language_code": "EN"}, {"country_id": 163,"country_name": "Palau","iso": "PW","iso3": "PLW","language_id": 1,"language_code": "EN"}, {"country_id": 164,"country_name": "Panama","iso": "PA","iso3": "PAN","language_id": 1,"language_code": "EN"}, {"country_id": 165,"country_name": "Papua New Guinea","iso": "PG","iso3": "PNG","language_id": 1,"language_code": "EN"}, {"country_id": 166,"country_name": "Paraguay","iso": "PY","iso3": "PRY","language_id": 1,"language_code": "EN"}, {"country_id": 167,"country_name": "Peru","iso": "PE","iso3": "PER","language_id": 1,"language_code": "EN"}, {"country_id": 168,"country_name": "Philippines","iso": "PH","iso3": "PHL","language_id": 1,"language_code": "EN"}, {"country_id": 169,"country_name": "Pitcairn","iso": "PN","iso3": "PCN","language_id": 1,"language_code": "EN"}, {"country_id": 170,"country_name": "Poland","iso": "PL","iso3": "POL","language_id": 3,"language_code": "PL"}, {"country_id": 171,"country_name": "Portugal","iso": "PT","iso3": "PRT","language_id": 1,"language_code": "EN"}, {"country_id": 172,"country_name": "Puerto Rico","iso": "PR","iso3": "PRI","language_id": 1,"language_code": "EN"}, {"country_id": 173,"country_name": "Qatar","iso": "QA","iso3": "QAT","language_id": 1,"language_code": "EN"}, {"country_id": 174,"country_name": "Reunion","iso": "RE","iso3": "REU","language_id": 1,"language_code": "EN"}, {"country_id": 175,"country_name": "Romania","iso": "RO","iso3": "ROM","language_id": 1,"language_code": "EN"}, {"country_id": 176,"country_name": "Russian Federation","iso": "RU","iso3": "RUS","language_id": 1,"language_code": "EN"}, {"country_id": 177,"country_name": "Rwanda","iso": "RW","iso3": "RWA","language_id": 1,"language_code": "EN"}, {"country_id": 178,"country_name": "Saint Kitts and Nevis","iso": "KN","iso3": "KNA","language_id": 1,"language_code": "EN"}, {"country_id": 179,"country_name": "Saint Lucia","iso": "LC","iso3": "LCA","language_id": 1,"language_code": "EN"}, {"country_id": 180,"country_name": "Saint Vincent and the Grenadines","iso": "VC","iso3": "VCT","language_id": 1,"language_code": "EN"}, {"country_id": 181,"country_name": "Samoa","iso": "WS","iso3": "WSM","language_id": 1,"language_code": "EN"}, {"country_id": 182,"country_name": "San Marino","iso": "SM","iso3": "SMR","language_id": 1,"language_code": "EN"}, {"country_id": 183,"country_name": "Sao Tome and Principe","iso": "ST","iso3": "STP","language_id": 1,"language_code": "EN"}, {"country_id": 184,"country_name": "Saudi Arabia","iso": "SA","iso3": "SAU","language_id": 1,"language_code": "EN"}, {"country_id": 185,"country_name": "Senegal","iso": "SN","iso3": "SEN","language_id": 1,"language_code": "EN"}, {"country_id": 186,"country_name": "Seychelles","iso": "SC","iso3": "SYC","language_id": 1,"language_code": "EN"}, {"country_id": 187,"country_name": "Sierra Leone","iso": "SL","iso3": "SLE","language_id": 1,"language_code": "EN"}, {"country_id": 188,"country_name": "Singapore","iso": "SG","iso3": "SGP","language_id": 1,"language_code": "EN"}, {"country_id": 189,"country_name": "Slovak Republic","iso": "SK","iso3": "SVK","language_id": 1,"language_code": "EN"}, {"country_id": 190,"country_name": "Slovenia","iso": "SI","iso3": "SVN","language_id": 1,"language_code": "EN"}, {"country_id": 191,"country_name": "Solomon Islands","iso": "SB","iso3": "SLB","language_id": 1,"language_code": "EN"}, {"country_id": 192,"country_name": "Somalia","iso": "SO","iso3": "SOM","language_id": 1,"language_code": "EN"}, {"country_id": 193,"country_name": "South Africa","iso": "ZA","iso3": "ZAF","language_id": 1,"language_code": "EN"}, {"country_id": 194,"country_name": "South Georgia &amp; South Sandwich Islands","iso": "GS","iso3": "SGS","language_id": 1,"language_code": "EN"}, {"country_id": 195,"country_name": "Spain","iso": "ES","iso3": "ESP","language_id": 1,"language_code": "EN"}, {"country_id": 196,"country_name": "Sri Lanka","iso": "LK","iso3": "LKA","language_id": 1,"language_code": "EN"}, {"country_id": 197,"country_name": "St. Helena","iso": "SH","iso3": "SHN","language_id": 1,"language_code": "EN"}, {"country_id": 198,"country_name": "St. Pierre and Miquelon","iso": "PM","iso3": "SPM","language_id": 1,"language_code": "EN"}, {"country_id": 199,"country_name": "Sudan","iso": "SD","iso3": "SDN","language_id": 1,"language_code": "EN"}, {"country_id": 200,"country_name": "Suriname","iso": "SR","iso3": "SUR","language_id": 1,"language_code": "EN"}, {"country_id": 201,"country_name": "Svalbard and Jan Mayen Islands","iso": "SJ","iso3": "SJM","language_id": 1,"language_code": "EN"}, {"country_id": 202,"country_name": "Swaziland","iso": "SZ","iso3": "SWZ","language_id": 1,"language_code": "EN"}, {"country_id": 203,"country_name": "Sweden","iso": "SE","iso3": "SWE","language_id": 1,"language_code": "EN"}, {"country_id": 204,"country_name": "Switzerland","iso": "CH","iso3": "CHE","language_id": 1,"language_code": "EN"}, {"country_id": 205,"country_name": "Syrian Arab Republic","iso": "SY","iso3": "SYR","language_id": 1,"language_code": "EN"}, {"country_id": 206,"country_name": "Taiwan","iso": "TW","iso3": "TWN","language_id": 1,"language_code": "EN"}, {"country_id": 207,"country_name": "Tajikistan","iso": "TJ","iso3": "TJK","language_id": 1,"language_code": "EN"}, {"country_id": 208,"country_name": "Tanzania, United Republic of","iso": "TZ","iso3": "TZA","language_id": 1,"language_code": "EN"}, {"country_id": 209,"country_name": "Thailand","iso": "TH","iso3": "THA","language_id": 1,"language_code": "EN"}, {"country_id": 210,"country_name": "Togo","iso": "TG","iso3": "TGO","language_id": 1,"language_code": "EN"}, {"country_id": 211,"country_name": "Tokelau","iso": "TK","iso3": "TKL","language_id": 1,"language_code": "EN"}, {"country_id": 212,"country_name": "Tonga","iso": "TO","iso3": "TON","language_id": 1,"language_code": "EN"}, {"country_id": 213,"country_name": "Trinidad and Tobago","iso": "TT","iso3": "TTO","language_id": 1,"language_code": "EN"}, {"country_id": 214,"country_name": "Tunisia","iso": "TN","iso3": "TUN","language_id": 1,"language_code": "EN"}, {"country_id": 215,"country_name": "Turkey","iso": "TR","iso3": "TUR","language_id": 1,"language_code": "EN"}, {"country_id": 216,"country_name": "Turkmenistan","iso": "TM","iso3": "TKM","language_id": 1,"language_code": "EN"}, {"country_id": 217,"country_name": "Turks and Caicos Islands","iso": "TC","iso3": "TCA","language_id": 1,"language_code": "EN"}, {"country_id": 218,"country_name": "Tuvalu","iso": "TV","iso3": "TUV","language_id": 1,"language_code": "EN"}, {"country_id": 219,"country_name": "Uganda","iso": "UG","iso3": "UGA","language_id": 1,"language_code": "EN"}, {"country_id": 220,"country_name": "Ukraine","iso": "UA","iso3": "UKR","language_id": 1,"language_code": "EN"}, {"country_id": 221,"country_name": "United Arab Emirates","iso": "AE","iso3": "ARE","language_id": 1,"language_code": "EN"}, {"country_id": 222,"country_name": "United Kingdom","iso": "GB","iso3": "GBR","language_id": 1,"language_code": "EN"}, {"country_id": 223,"country_name": "United States","iso": "US","iso3": "USA","language_id": 1,"language_code": "EN"}, {"country_id": 224,"country_name": "United States Minor Outlying Islands","iso": "UM","iso3": "UMI","language_id": 1,"language_code": "EN"}, {"country_id": 225,"country_name": "Uruguay","iso": "UY","iso3": "URY","language_id": 1,"language_code": "EN"}, {"country_id": 226,"country_name": "Uzbekistan","iso": "UZ","iso3": "UZB","language_id": 1,"language_code": "EN"}, {"country_id": 227,"country_name": "Vanuatu","iso": "VU","iso3": "VUT","language_id": 1,"language_code": "EN"}, {"country_id": 228,"country_name": "Vatican City State (Holy See)","iso": "VA","iso3": "VAT","language_id": 1,"language_code": "EN"}, {"country_id": 229,"country_name": "Venezuela","iso": "VE","iso3": "VEN","language_id": 1,"language_code": "EN"}, {"country_id": 230,"country_name": "Viet Nam","iso": "VN","iso3": "VNM","language_id": 4,"language_code": "VI"}, {"country_id": 231,"country_name": "Virgin Islands (British)","iso": "VG","iso3": "VGB","language_id": 1,"language_code": "EN"}, {"country_id": 232,"country_name": "Virgin Islands (U.S.)","iso": "VI","iso3": "VIR","language_id": 1,"language_code": "EN"}, {"country_id": 233,"country_name": "Wallis and Futuna Islands","iso": "WF","iso3": "WLF","language_id": 1,"language_code": "EN"}, {"country_id": 234,"country_name": "Western Sahara","iso": "EH","iso3": "ESH","language_id": 1,"language_code": "EN"}, {"country_id": 235,"country_name": "Yemen","iso": "YE","iso3": "YEM","language_id": 1,"language_code": "EN"}, {"country_id": 237,"country_name": "Democratic Republic of Congo","iso": "CD","iso3": "COD","language_id": 1,"language_code": "EN"}, {"country_id": 238,"country_name": "Zambia","iso": "ZM","iso3": "ZMB","language_id": 1,"language_code": "EN"}, {"country_id": 239,"country_name": "Zimbabwe","iso": "ZW","iso3": "ZWE","language_id": 1,"language_code": "EN"}, {"country_id": 240,"country_name": "Jersey","iso": "JE","iso3": "JEY","language_id": 1,"language_code": "EN"}, {"country_id": 241,"country_name": "Guernsey","iso": "GG","iso3": "GGY","language_id": 1,"language_code": "EN"}, {"country_id": 242,"country_name": "Montenegro","iso": "ME","iso3": "MNE","language_id": 1,"language_code": "EN"}, {"country_id": 243,"country_name": "Serbia","iso": "RS","iso3": "SRB","language_id": 1,"language_code": "EN"}, {"country_id": 244,"country_name": "Aaland Islands","iso": "AX","iso3": "ALA","language_id": 1,"language_code": "EN"}, {"country_id": 245,"country_name": "Bonaire, Sint Eustatius and Saba","iso": "BQ","iso3": "BES","language_id": 1,"language_code": "EN"}, {"country_id": 246,"country_name": "Curacao","iso": "CW","iso3": "CUW","language_id": 1,"language_code": "EN"}, {"country_id": 247,"country_name": "Palestinian Territory, Occupied","iso": "PS","iso3": "PSE","language_id": 1,"language_code": "EN"}, {"country_id": 248,"country_name": "South Sudan","iso": "SS","iso3": "SSD","language_id": 1,"language_code": "EN"}, {"country_id": 249,"country_name": "St. Barthelemy","iso": "BL","iso3": "BLM","language_id": 1,"language_code": "EN"}, {"country_id": 250,"country_name": "St. Martin (French part)","iso": "MF","iso3": "MAF","language_id": 1,"language_code": "EN"}, {"country_id": 251,"country_name": "Canary Islands","iso": "IC","iso3": "ICA","language_id": 1,"language_code": "EN"}]